{"cameraMode":{"drawMode":0,"name":"Shaded","section":"Shading Mode"},"sceneLighting":false,"audioPlay":false,"sceneViewState":{"showFog":true,"showMaterialUpdate":false,"showSkybox":true,"showFlares":true,"showImageEffects":true,"showParticleSystems":true},"in2DMode":false,"pivot":{"x":28.03926658630371,"y":17.704444885253908,"z":29.860206604003908},"rotation":{"x":-0.3593844771385193,"y":-0.030227866023778917,"z":0.011648917570710183,"w":-0.9326271414756775},"size":110.7736587524414,"orthographic":false}