{"cameraMode":{"drawMode":0,"name":"Shaded","section":"Shading Mode"},"sceneLighting":false,"audioPlay":false,"sceneViewState":{"showFog":true,"showMaterialUpdate":false,"showSkybox":true,"showFlares":true,"showImageEffects":true,"showParticleSystems":true},"in2DMode":false,"pivot":{"x":16.973072052001954,"y":-60.112884521484378,"z":261.3380126953125},"rotation":{"x":0.16008131206035615,"y":0.022200599312782289,"z":-0.00360219762660563,"w":0.9868475794792175},"size":266.4725646972656,"orthographic":false}