{"cameraMode":{"drawMode":0,"name":"Shaded","section":"Shading Mode"},"sceneLighting":false,"audioPlay":false,"sceneViewState":{"showFog":true,"showMaterialUpdate":false,"showSkybox":true,"showFlares":true,"showImageEffects":true,"showParticleSystems":true},"in2DMode":false,"pivot":{"x":2.8321681022644045,"y":-32.590309143066409,"z":85.78404998779297},"rotation":{"x":-0.33740365505218508,"y":0.0752909854054451,"z":-0.027083206921815873,"w":-0.9379534125328064},"size":183.9054718017578,"orthographic":false}