{"cameraMode":{"drawMode":0,"name":"Shaded","section":"Shading Mode"},"sceneLighting":false,"audioPlay":false,"sceneViewState":{"showFog":true,"showMaterialUpdate":false,"showSkybox":true,"showFlares":true,"showImageEffects":true,"showParticleSystems":true},"in2DMode":false,"pivot":{"x":146.59185791015626,"y":238.6632537841797,"z":516.157958984375},"rotation":{"x":-0.327097088098526,"y":0.44262751936912539,"z":-0.1774633377790451,"w":-0.8158401250839233},"size":227.64414978027345,"orthographic":false}