{"cameraMode":{"drawMode":0,"name":"Shaded","section":"Shading Mode"},"sceneLighting":false,"audioPlay":false,"sceneViewState":{"showFog":true,"showMaterialUpdate":false,"showSkybox":true,"showFlares":true,"showImageEffects":true,"showParticleSystems":true},"in2DMode":false,"pivot":{"x":8.381446838378907,"y":20.08769989013672,"z":32.199981689453128},"rotation":{"x":-0.33740365505218508,"y":0.0752909854054451,"z":-0.027083206921815873,"w":-0.9379534125328064},"size":134.0339813232422,"orthographic":false}