{"cameraMode":{"drawMode":0,"name":"Shaded","section":"Shading Mode"},"sceneLighting":false,"audioPlay":false,"sceneViewState":{"showFog":true,"showMaterialUpdate":false,"showSkybox":true,"showFlares":true,"showImageEffects":true,"showParticleSystems":true},"in2DMode":false,"pivot":{"x":-81.84001159667969,"y":-35.74132537841797,"z":156.63864135742188},"rotation":{"x":0.16033369302749635,"y":-0.2856954336166382,"z":0.04854511097073555,"w":0.9435648918151856},"size":161.73558044433595,"orthographic":false}